Date,Session,Name,Member?
02/10/2024,Wednesday Training,Leo Hughes,Member
02/10/2024,Wednesday Training,Ava Hughes,Member
02/10/2024,Wednesday Training,Ava Jones,Member
02/10/2024,Wednesday Training,Hari Walker,Member
02/10/2024,Wednesday Training,Priya Wright,Member
02/10/2024,Wednesday Training,Zara Green,Member
02/10/2024,Wednesday Training,Grace Jones,Member
02/10/2024,Wednesday Training,Lily Walker,Member
02/10/2024,Wednesday Training,Grace Wilson,Guest
02/10/2024,Wednesday Training,Theo Wilson,Member
02/10/2024,Wednesday Training,Theo Hall,Member
02/10/2024,Wednesday Training,Lily Green,Member
02/10/2024,Wednesday Training,Tom Smith,Member
02/10/2024,Wednesday Training,Hari Walker,Member
02/10/2024,Wednesday Training,Hari Wright,Member
02/10/2024,Wednesday Training,Jack Hall,Member
02/10/2024,Wednesday Training,Ben Taylor,Guest
02/10/2024,Wednesday Training,Ava Wright,Member
02/10/2024,Wednesday Training,Ben Chen,Member
02/10/2024,Wednesday Training,Mia Brown,Member
02/10/2024,Wednesday Training,Sam Hughes,Member
02/10/2024,Wednesday Training,Ava Wilson,Member
02/10/2024,Wednesday Training,Chloe Jones,Member
02/10/2024,Wednesday Training,Vik Walker,Member
09/10/2024,Wednesday Training,Mia Taylor,Member
09/10/2024,Wednesday Training,Max Chen,Member
09/10/2024,Wednesday Training,Sam Walker,Guest
09/10/2024,Wednesday Training,Theo Khan,Member
09/10/2024,Wednesday Training,Yusuf Taylor,Guest
09/10/2024,Wednesday Training,Yusuf Hughes,Member
09/10/2024,Wednesday Training,Tom Wilson,Member
09/10/2024,Wednesday Training,Hari Hall,Member
09/10/2024,Wednesday Training,Chloe Jones,Member
09/10/2024,Wednesday Training,Mia Walker,Guest
09/10/2024,Wednesday Training,Ava Taylor,Member
09/10/2024,Wednesday Training,Ava Jones,Guest
09/10/2024,Wednesday Training,Max Wilson,Member
09/10/2024,Wednesday Training,Isla Wright,Member
09/10/2024,Wednesday Training,Yusuf Brown,Member
09/10/2024,Wednesday Training,Ivy Evans,Member
09/10/2024,Wednesday Training,Max Wright,Member
09/10/2024,Wednesday Training,Isla Brown,Guest
09/10/2024,Wednesday Training,Ava Smith,Member
09/10/2024,Wednesday Training,Chloe Hall,Member
09/10/2024,Wednesday Training,Isla Evans,Member
09/10/2024,Wednesday Training,Ella Hughes,Member
09/10/2024,Wednesday Training,Nina Taylor,Member
09/10/2024,Wednesday Training,Hari Taylor,Member
16/10/2024,Wednesday Training,Sam Brown,Member
16/10/2024,Wednesday Training,Sam Hall,Member
16/10/2024,Wednesday Training,Priya Jones,Member
16/10/2024,Wednesday Training,Ben Wright,Member
16/10/2024,Wednesday Training,Chloe Taylor,Guest
16/10/2024,Wednesday Training,Theo Evans,Member
16/10/2024,Wednesday Training,Lily Khan,Member
16/10/2024,Wednesday Training,Wren Khan,Guest
16/10/2024,Wednesday Training,Zara Ahmed,Member
16/10/2024,Wednesday Training,Wren Hall,Member
16/10/2024,Wednesday Training,Kai Walker,Member
16/10/2024,Wednesday Training,Finn Hughes,Member
16/10/2024,Wednesday Training,Vik Ahmed,Guest
16/10/2024,Wednesday Training,Lily Walker,Member
16/10/2024,Wednesday Training,Quinn Patel,Member
16/10/2024,Wednesday Training,Tom Brown,Member
16/10/2024,Wednesday Training,Zara Wright,Member
16/10/2024,Wednesday Training,Chloe Taylor,Member
16/10/2024,Wednesday Training,Sam Wilson,Member
16/10/2024,Wednesday Training,Chloe Khan,Member
16/10/2024,Wednesday Training,Rosa Smith,Member
16/10/2024,Wednesday Training,Chloe Walker,Member
16/10/2024,Wednesday Training,Rosa Chen,Member
16/10/2024,Wednesday Training,Theo Smith,Member
23/10/2024,Wednesday Training,Hari Hughes,Member
23/10/2024,Wednesday Training,Isla Walker,Member
23/10/2024,Wednesday Training,Vik Taylor,Member
23/10/2024,Wednesday Training,Zara Hall,Member
23/10/2024,Wednesday Training,Isla Wilson,Member
23/10/2024,Wednesday Training,Wren Walker,Member
23/10/2024,Wednesday Training,Lily Ahmed,Member
23/10/2024,Wednesday Training,Ivy Ahmed,Member
23/10/2024,Wednesday Training,Noah Jones,Member
23/10/2024,Wednesday Training,Nina Wilson,Member
23/10/2024,Wednesday Training,Jack Wilson,Member
23/10/2024,Wednesday Training,Grace Evans,Member
23/10/2024,Wednesday Training,Vik Ahmed,Member
23/10/2024,Wednesday Training,Priya Evans,Member
23/10/2024,Wednesday Training,Max Wright,Member
23/10/2024,Wednesday Training,Hari Evans,Member
23/10/2024,Wednesday Training,Tom Green,Member
23/10/2024,Wednesday Training,Wren Hall,Guest
23/10/2024,Wednesday Training,Nina Wilson,Member
23/10/2024,Wednesday Training,Hari Wright,Member
23/10/2024,Wednesday Training,Omar Hall,Member
23/10/2024,Wednesday Training,Leo Smith,Member
23/10/2024,Wednesday Training,Dev Brown,Member
23/10/2024,Wednesday Training,Omar Wilson,Member
30/10/2024,Wednesday Training,Finn Brown,Member
30/10/2024,Wednesday Training,Ava Brown,Member
30/10/2024,Wednesday Training,Kai Jones,Member
30/10/2024,Wednesday Training,Tom Wright,Member
30/10/2024,Wednesday Training,Grace Taylor,Guest
30/10/2024,Wednesday Training,Rosa Brown,Member
30/10/2024,Wednesday Training,Wren Hall,Member
30/10/2024,Wednesday Training,Rosa Wright,Member
30/10/2024,Wednesday Training,Ben Hughes,Member
30/10/2024,Wednesday Training,Isla Hall,Member
30/10/2024,Wednesday Training,Quinn Evans,Member
30/10/2024,Wednesday Training,Hari Wilson,Member
30/10/2024,Wednesday Training,Nina Brown,Member
30/10/2024,Wednesday Training,Wren Hughes,Member
30/10/2024,Wednesday Training,Priya Hughes,Member
30/10/2024,Wednesday Training,Priya Smith,Member
30/10/2024,Wednesday Training,Ava Ahmed,Member
30/10/2024,Wednesday Training,Theo Walker,Member
30/10/2024,Wednesday Training,Tom Wright,Member
30/10/2024,Wednesday Training,Ben Wright,Member
30/10/2024,Wednesday Training,Kai Chen,Member
30/10/2024,Wednesday Training,Zara Brown,Member
30/10/2024,Wednesday Training,Vik Hall,Member
06/11/2024,Wednesday Training,Dev Brown,Guest
06/11/2024,Wednesday Training,Quinn Green,Member
06/11/2024,Wednesday Training,Quinn Brown,Member
06/11/2024,Wednesday Training,Nina Patel,Member
06/11/2024,Wednesday Training,Wren Walker,Member
06/11/2024,Wednesday Training,Wren Walker,Member
06/11/2024,Wednesday Training,Omar Jones,Member
06/11/2024,Wednesday Training,Finn Patel,Member
06/11/2024,Wednesday Training,Theo Brown,Member
06/11/2024,Wednesday Training,Ben Patel,Member
06/11/2024,Wednesday Training,Wren Smith,Member
06/11/2024,Wednesday Training,Quinn Hughes,Member
06/11/2024,Wednesday Training,Sam Hall,Member
06/11/2024,Wednesday Training,Max Taylor,Member
06/11/2024,Wednesday Training,Mia Jones,Member
06/11/2024,Wednesday Training,Ivy Evans,Member
06/11/2024,Wednesday Training,Nina Jones,Member
06/11/2024,Wednesday Training,Mia Green,Member
06/11/2024,Wednesday Training,Uma Taylor,Member
06/11/2024,Wednesday Training,Zara Evans,Guest
06/11/2024,Wednesday Training,Chloe Walker,Member
06/11/2024,Wednesday Training,Kai Jones,Member
13/11/2024,Wednesday Training,Omar Walker,Member
13/11/2024,Wednesday Training,Isla Taylor,Member
13/11/2024,Wednesday Training,Priya Hall,Guest
13/11/2024,Wednesday Training,Rosa Smith,Member
13/11/2024,Wednesday Training,Quinn Walker,Member
13/11/2024,Wednesday Training,Jack Hall,Member
13/11/2024,Wednesday Training,Max Khan,Guest
13/11/2024,Wednesday Training,Ava Brown,Member
13/11/2024,Wednesday Training,Uma Evans,Member
13/11/2024,Wednesday Training,Hari Ahmed,Member
13/11/2024,Wednesday Training,Theo Patel,Member
13/11/2024,Wednesday Training,Yusuf Wilson,Guest
13/11/2024,Wednesday Training,Uma Evans,Guest
13/11/2024,Wednesday Training,Theo Jones,Member
13/11/2024,Wednesday Training,Ben Evans,Member
13/11/2024,Wednesday Training,Yusuf Khan,Member
13/11/2024,Wednesday Training,Wren Wilson,Member
13/11/2024,Wednesday Training,Leo Green,Member
13/11/2024,Wednesday Training,Vik Wright,Member
13/11/2024,Wednesday Training,Vik Wilson,Member
20/11/2024,Wednesday Training,Isla Hughes,Member
20/11/2024,Wednesday Training,Zara Ahmed,Member
20/11/2024,Wednesday Training,Grace Smith,Member
20/11/2024,Wednesday Training,Vik Smith,Member
20/11/2024,Wednesday Training,Grace Brown,Member
20/11/2024,Wednesday Training,Leo Wright,Member
20/11/2024,Wednesday Training,Omar Ahmed,Member
20/11/2024,Wednesday Training,Ava Green,Member
20/11/2024,Wednesday Training,Theo Green,Member
20/11/2024,Wednesday Training,Ben Chen,Member
20/11/2024,Wednesday Training,Wren Chen,Member
20/11/2024,Wednesday Training,Max Green,Member
20/11/2024,Wednesday Training,Omar Green,Member
20/11/2024,Wednesday Training,Mia Brown,Guest
20/11/2024,Wednesday Training,Quinn Wilson,Member
20/11/2024,Wednesday Training,Dev Evans,Member
20/11/2024,Wednesday Training,Hari Smith,Guest
20/11/2024,Wednesday Training,Mia Walker,Member
20/11/2024,Wednesday Training,Sam Wright,Member
20/11/2024,Wednesday Training,Chloe Chen,Member
20/11/2024,Wednesday Training,Chloe Hughes,Member
27/11/2024,Wednesday Training,Zara Chen,Member
27/11/2024,Wednesday Training,Leo Khan,Guest
27/11/2024,Wednesday Training,Uma Chen,Guest
27/11/2024,Wednesday Training,Leo Chen,Member
27/11/2024,Wednesday Training,Jack Brown,Member
27/11/2024,Wednesday Training,Ivy Brown,Member
27/11/2024,Wednesday Training,Grace Brown,Member
27/11/2024,Wednesday Training,Kai Taylor,Member
27/11/2024,Wednesday Training,Dev Green,Member
27/11/2024,Wednesday Training,Uma Hall,Member
27/11/2024,Wednesday Training,Jack Ahmed,Guest
27/11/2024,Wednesday Training,Priya Hall,Member
27/11/2024,Wednesday Training,Ivy Chen,Member
27/11/2024,Wednesday Training,Isla Taylor,Guest
27/11/2024,Wednesday Training,Ben Taylor,Guest
27/11/2024,Wednesday Training,Tom Hughes,Member
27/11/2024,Wednesday Training,Nina Walker,Member
27/11/2024,Wednesday Training,Zara Ahmed,Member
27/11/2024,Wednesday Training,Hari Green,Member
27/11/2024,Wednesday Training,Ava Walker,Member
27/11/2024,Wednesday Training,Chloe Evans,Member
04/12/2024,Wednesday Training,Vik Evans,Member
04/12/2024,Wednesday Training,Uma Green,Member
04/12/2024,Wednesday Training,Sam Evans,Member
04/12/2024,Wednesday Training,Tom Evans,Member
04/12/2024,Wednesday Training,Dev Walker,Member
04/12/2024,Wednesday Training,Vik Taylor,Member
04/12/2024,Wednesday Training,Zara Walker,Member
04/12/2024,Wednesday Training,Max Patel,Guest
04/12/2024,Wednesday Training,Rosa Chen,Member
04/12/2024,Wednesday Training,Ben Brown,Member
04/12/2024,Wednesday Training,Max Jones,Member
04/12/2024,Wednesday Training,Leo Wilson,Member
15/01/2025,Wednesday Training,Wren Patel,Member
15/01/2025,Wednesday Training,Grace Wilson,Member
15/01/2025,Wednesday Training,Jack Evans,Member
15/01/2025,Wednesday Training,Dev Evans,Member
15/01/2025,Wednesday Training,Noah Smith,Member
15/01/2025,Wednesday Training,Isla Khan,Member
15/01/2025,Wednesday Training,Priya Patel,Member
15/01/2025,Wednesday Training,Kai Green,Guest
15/01/2025,Wednesday Training,Sam Walker,Member
15/01/2025,Wednesday Training,Mia Khan,Member
15/01/2025,Wednesday Training,Sam Hall,Member
15/01/2025,Wednesday Training,Ava Khan,Member
15/01/2025,Wednesday Training,Ben Ahmed,Guest
15/01/2025,Wednesday Training,Noah Green,Member
15/01/2025,Wednesday Training,Wren Ahmed,Member
15/01/2025,Wednesday Training,Theo Evans,Member
15/01/2025,Wednesday Training,Hari Evans,Member
15/01/2025,Wednesday Training,Uma Walker,Member
15/01/2025,Wednesday Training,Jack Ahmed,Member
22/01/2025,Wednesday Training,Vik Hall,Member
22/01/2025,Wednesday Training,Mia Walker,Member
22/01/2025,Wednesday Training,Noah Walker,Member
22/01/2025,Wednesday Training,Jack Wright,Guest
22/01/2025,Wednesday Training,Ava Wilson,Member
22/01/2025,Wednesday Training,Dev Wright,Guest
22/01/2025,Wednesday Training,Ella Patel,Member
22/01/2025,Wednesday Training,Wren Hall,Member
22/01/2025,Wednesday Training,Mia Wright,Member
22/01/2025,Wednesday Training,Mia Wright,Guest
22/01/2025,Wednesday Training,Tom Jones,Member
22/01/2025,Wednesday Training,Kai Patel,Guest
22/01/2025,Wednesday Training,Lily Green,Member
22/01/2025,Wednesday Training,Noah Hall,Member
22/01/2025,Wednesday Training,Zara Khan,Member
22/01/2025,Wednesday Training,Leo Patel,Member
22/01/2025,Wednesday Training,Lily Jones,Member
29/01/2025,Wednesday Training,Theo Chen,Member
29/01/2025,Wednesday Training,Isla Chen,Member
29/01/2025,Wednesday Training,Noah Evans,Guest
29/01/2025,Wednesday Training,Kai Walker,Member
29/01/2025,Wednesday Training,Jack Patel,Member
29/01/2025,Wednesday Training,Zara Evans,Member
29/01/2025,Wednesday Training,Isla Evans,Member
29/01/2025,Wednesday Training,Theo Khan,Guest
29/01/2025,Wednesday Training,Jack Wright,Member
29/01/2025,Wednesday Training,Dev Smith,Member
29/01/2025,Wednesday Training,Priya Ahmed,Member
29/01/2025,Wednesday Training,Kai Smith,Guest
29/01/2025,Wednesday Training,Isla Brown,Guest
29/01/2025,Wednesday Training,Dev Green,Member
29/01/2025,Wednesday Training,Theo Hall,Member
29/01/2025,Wednesday Training,Ivy Green,Member
05/02/2025,Wednesday Training,Ava Smith,Member
05/02/2025,Wednesday Training,Finn Chen,Member
05/02/2025,Wednesday Training,Finn Jones,Member
05/02/2025,Wednesday Training,Priya Khan,Member
05/02/2025,Wednesday Training,Sam Hughes,Member
05/02/2025,Wednesday Training,Sam Patel,Member
05/02/2025,Wednesday Training,Wren Brown,Member
05/02/2025,Wednesday Training,Nina Khan,Member
05/02/2025,Wednesday Training,Tom Brown,Member
05/02/2025,Wednesday Training,Isla Patel,Member
05/02/2025,Wednesday Training,Uma Green,Member
05/02/2025,Wednesday Training,Dev Hall,Member
05/02/2025,Wednesday Training,Omar Khan,Member
05/02/2025,Wednesday Training,Chloe Wright,Member
05/02/2025,Wednesday Training,Wren Ahmed,Member
05/02/2025,Wednesday Training,Dev Hall,Member
05/02/2025,Wednesday Training,Yusuf Brown,Guest
12/02/2025,Wednesday Training,Isla Chen,Member
12/02/2025,Wednesday Training,Yusuf Hall,Member
12/02/2025,Wednesday Training,Vik Hughes,Member
12/02/2025,Wednesday Training,Tom Ahmed,Member
12/02/2025,Wednesday Training,Ella Smith,Member
12/02/2025,Wednesday Training,Tom Hall,Member
12/02/2025,Wednesday Training,Isla Khan,Member
12/02/2025,Wednesday Training,Theo Hall,Member
12/02/2025,Wednesday Training,Hari Brown,Member
12/02/2025,Wednesday Training,Kai Patel,Member
12/02/2025,Wednesday Training,Theo Walker,Member
12/02/2025,Wednesday Training,Priya Jones,Member
12/02/2025,Wednesday Training,Priya Jones,Member
12/02/2025,Wednesday Training,Grace Hall,Guest
12/02/2025,Wednesday Training,Dev Wilson,Guest
12/02/2025,Wednesday Training,Noah Evans,Member
19/02/2025,Wednesday Training,Omar Evans,Member
19/02/2025,Wednesday Training,Wren Hall,Member
19/02/2025,Wednesday Training,Grace Chen,Member
19/02/2025,Wednesday Training,Zara Khan,Member
19/02/2025,Wednesday Training,Finn Khan,Member
19/02/2025,Wednesday Training,Yusuf Wright,Member
19/02/2025,Wednesday Training,Quinn Taylor,Guest
19/02/2025,Wednesday Training,Grace Green,Member
19/02/2025,Wednesday Training,Chloe Khan,Guest
19/02/2025,Wednesday Training,Max Smith,Member
19/02/2025,Wednesday Training,Grace Brown,Member
19/02/2025,Wednesday Training,Hari Taylor,Member
19/02/2025,Wednesday Training,Vik Khan,Member
19/02/2025,Wednesday Training,Quinn Smith,Member
19/02/2025,Wednesday Training,Ben Wright,Member
26/02/2025,Wednesday Training,Max Walker,Member
26/02/2025,Wednesday Training,Zara Jones,Member
26/02/2025,Wednesday Training,Max Taylor,Member
26/02/2025,Wednesday Training,Tom Hughes,Member
26/02/2025,Wednesday Training,Zara Ahmed,Member
26/02/2025,Wednesday Training,Ivy Hughes,Member
26/02/2025,Wednesday Training,Priya Hughes,Guest
26/02/2025,Wednesday Training,Hari Hall,Member
26/02/2025,Wednesday Training,Jack Hughes,Member
26/02/2025,Wednesday Training,Wren Evans,Member
26/02/2025,Wednesday Training,Quinn Evans,Member
26/02/2025,Wednesday Training,Grace Hughes,Member
26/02/2025,Wednesday Training,Lily Jones,Guest
26/02/2025,Wednesday Training,Rosa Hall,Member
05/03/2025,Wednesday Training,Theo Evans,Member
05/03/2025,Wednesday Training,Nina Patel,Guest
05/03/2025,Wednesday Training,Ava Jones,Guest
05/03/2025,Wednesday Training,Ava Green,Member
05/03/2025,Wednesday Training,Yusuf Evans,Member
05/03/2025,Wednesday Training,Rosa Jones,Member
05/03/2025,Wednesday Training,Ivy Walker,Member
05/03/2025,Wednesday Training,Sam Hughes,Member
05/03/2025,Wednesday Training,Chloe Patel,Member
05/03/2025,Wednesday Training,Mia Jones,Member
05/03/2025,Wednesday Training,Wren Wright,Member
05/03/2025,Wednesday Training,Quinn Brown,Member
05/03/2025,Wednesday Training,Rosa Green,Member
05/03/2025,Wednesday Training,Priya Evans,Member
12/03/2025,Wednesday Training,Rosa Green,Guest
12/03/2025,Wednesday Training,Jack Hughes,Member
12/03/2025,Wednesday Training,Kai Wilson,Member
12/03/2025,Wednesday Training,Dev Green,Member
12/03/2025,Wednesday Training,Kai Evans,Member
12/03/2025,Wednesday Training,Ben Walker,Member
12/03/2025,Wednesday Training,Noah Green,Member
12/03/2025,Wednesday Training,Finn Evans,Member
12/03/2025,Wednesday Training,Tom Ahmed,Member
12/03/2025,Wednesday Training,Dev Walker,Member
12/03/2025,Wednesday Training,Leo Walker,Member
12/03/2025,Wednesday Training,Wren Green,Member
12/03/2025,Wednesday Training,Priya Khan,Member
19/03/2025,Wednesday Training,Noah Wright,Member
19/03/2025,Wednesday Training,Hari Green,Member
19/03/2025,Wednesday Training,Finn Hall,Member
19/03/2025,Wednesday Training,Hari Jones,Member
19/03/2025,Wednesday Training,Uma Hughes,Member
19/03/2025,Wednesday Training,Kai Khan,Member
19/03/2025,Wednesday Training,Hari Patel,Member
19/03/2025,Wednesday Training,Tom Chen,Member
01/10/2025,Wednesday Training,Jack Wright,Member
01/10/2025,Wednesday Training,Grace Jones,Member
01/10/2025,Wednesday Training,Vik Wright,Member
01/10/2025,Wednesday Training,Hari Hughes,Member
01/10/2025,Wednesday Training,Sam Green,Member
01/10/2025,Wednesday Training,Zara Brown,Member
01/10/2025,Wednesday Training,Kai Ahmed,Member
01/10/2025,Wednesday Training,Rosa Jones,Member
01/10/2025,Wednesday Training,Omar Taylor,Member
01/10/2025,Wednesday Training,Lily Chen,Member
01/10/2025,Wednesday Training,Isla Khan,Member
01/10/2025,Wednesday Training,Uma Hall,Member
01/10/2025,Wednesday Training,Chloe Patel,Member
01/10/2025,Wednesday Training,Tom Wilson,Member
01/10/2025,Wednesday Training,Nina Green,Member
01/10/2025,Wednesday Training,Max Hall,Member
01/10/2025,Wednesday Training,Leo Brown,Member
01/10/2025,Wednesday Training,Max Patel,Member
01/10/2025,Wednesday Training,Grace Khan,Guest
01/10/2025,Wednesday Training,Ava Walker,Member
01/10/2025,Wednesday Training,Ivy Smith,Guest
01/10/2025,Wednesday Training,Quinn Walker,Member
01/10/2025,Wednesday Training,Ella Ahmed,Member
08/10/2025,Wednesday Training,Hari Green,Member
08/10/2025,Wednesday Training,Ava Evans,Guest
08/10/2025,Wednesday Training,Sam Wright,Member
08/10/2025,Wednesday Training,Leo Khan,Member
08/10/2025,Wednesday Training,Nina Hughes,Member
08/10/2025,Wednesday Training,Uma Brown,Member
08/10/2025,Wednesday Training,Yusuf Hughes,Member
08/10/2025,Wednesday Training,Leo Jones,Member
08/10/2025,Wednesday Training,Uma Khan,Guest
08/10/2025,Wednesday Training,Theo Brown,Member
08/10/2025,Wednesday Training,Quinn Brown,Member
08/10/2025,Wednesday Training,Lily Hall,Member
08/10/2025,Wednesday Training,Finn Taylor,Member
08/10/2025,Wednesday Training,Tom Ahmed,Member
08/10/2025,Wednesday Training,Ella Hughes,Member
08/10/2025,Wednesday Training,Ava Ahmed,Member
08/10/2025,Wednesday Training,Jack Ahmed,Guest
08/10/2025,Wednesday Training,Ivy Khan,Member
08/10/2025,Wednesday Training,Noah Khan,Member
08/10/2025,Wednesday Training,Chloe Jones,Member
08/10/2025,Wednesday Training,Ben Wilson,Member
08/10/2025,Wednesday Training,Max Hall,Member
08/10/2025,Wednesday Training,Uma Smith,Member
08/10/2025,Wednesday Training,Chloe Ahmed,Member
15/10/2025,Wednesday Training,Isla Jones,Member
15/10/2025,Wednesday Training,Dev Patel,Member
15/10/2025,Wednesday Training,Sam Hughes,Member
15/10/2025,Wednesday Training,Rosa Taylor,Member
15/10/2025,Wednesday Training,Isla Taylor,Member
15/10/2025,Wednesday Training,Quinn Smith,Member
15/10/2025,Wednesday Training,Leo Jones,Member
15/10/2025,Wednesday Training,Chloe Brown,Member
15/10/2025,Wednesday Training,Theo Wright,Guest
15/10/2025,Wednesday Training,Omar Hughes,Member
15/10/2025,Wednesday Training,Ben Smith,Member
15/10/2025,Wednesday Training,Theo Wright,Member
15/10/2025,Wednesday Training,Yusuf Walker,Guest
15/10/2025,Wednesday Training,Ben Green,Member
15/10/2025,Wednesday Training,Jack Chen,Member
15/10/2025,Wednesday Training,Ella Brown,Guest
15/10/2025,Wednesday Training,Uma Patel,Member
15/10/2025,Wednesday Training,Lily Wilson,Member
15/10/2025,Wednesday Training,Vik Ahmed,Member
15/10/2025,Wednesday Training,Kai Wilson,Member
15/10/2025,Wednesday Training,Omar Hall,Member
15/10/2025,Wednesday Training,Kai Brown,Member
15/10/2025,Wednesday Training,Max Hall,Member
15/10/2025,Wednesday Training,Tom Wilson,Member
22/10/2025,Wednesday Training,Tom Patel,Member
22/10/2025,Wednesday Training,Zara Jones,Guest
22/10/2025,Wednesday Training,Ivy Wright,Member
22/10/2025,Wednesday Training,Lily Chen,Member
22/10/2025,Wednesday Training,Wren Brown,Member
22/10/2025,Wednesday Training,Ivy Ahmed,Guest
22/10/2025,Wednesday Training,Omar Wilson,Member
22/10/2025,Wednesday Training,Isla Jones,Member
22/10/2025,Wednesday Training,Jack Wright,Member
22/10/2025,Wednesday Training,Uma Wright,Member
22/10/2025,Wednesday Training,Priya Hall,Member
22/10/2025,Wednesday Training,Theo Jones,Member
22/10/2025,Wednesday Training,Omar Hall,Member
22/10/2025,Wednesday Training,Sam Walker,Member
22/10/2025,Wednesday Training,Lily Wilson,Member
22/10/2025,Wednesday Training,Nina Jones,Guest
22/10/2025,Wednesday Training,Grace Green,Guest
22/10/2025,Wednesday Training,Lily Chen,Member
22/10/2025,Wednesday Training,Quinn Jones,Member
22/10/2025,Wednesday Training,Rosa Smith,Guest
22/10/2025,Wednesday Training,Priya Hughes,Member
29/10/2025,Wednesday Training,Kai Evans,Member
29/10/2025,Wednesday Training,Uma Green,Guest
29/10/2025,Wednesday Training,Lily Wilson,Member
29/10/2025,Wednesday Training,Theo Brown,Member
29/10/2025,Wednesday Training,Ella Evans,Guest
29/10/2025,Wednesday Training,Uma Wilson,Member
29/10/2025,Wednesday Training,Ivy Wilson,Member
29/10/2025,Wednesday Training,Uma Chen,Member
29/10/2025,Wednesday Training,Ben Wilson,Member
29/10/2025,Wednesday Training,Finn Evans,Member
29/10/2025,Wednesday Training,Ben Jones,Member
29/10/2025,Wednesday Training,Grace Evans,Member
29/10/2025,Wednesday Training,Finn Hughes,Member
29/10/2025,Wednesday Training,Max Taylor,Guest
29/10/2025,Wednesday Training,Omar Smith,Member
29/10/2025,Wednesday Training,Ivy Hughes,Guest
29/10/2025,Wednesday Training,Chloe Patel,Member
29/10/2025,Wednesday Training,Grace Taylor,Member
29/10/2025,Wednesday Training,Max Hughes,Member
29/10/2025,Wednesday Training,Ella Hughes,Member
29/10/2025,Wednesday Training,Ivy Green,Member
29/10/2025,Wednesday Training,Nina Wilson,Member
05/11/2025,Wednesday Training,Ivy Evans,Member
05/11/2025,Wednesday Training,Kai Hall,Member
05/11/2025,Wednesday Training,Zara Hall,Member
05/11/2025,Wednesday Training,Leo Evans,Guest
05/11/2025,Wednesday Training,Grace Khan,Member
05/11/2025,Wednesday Training,Lily Khan,Member
05/11/2025,Wednesday Training,Lily Ahmed,Member
05/11/2025,Wednesday Training,Grace Evans,Member
05/11/2025,Wednesday Training,Quinn Brown,Member
05/11/2025,Wednesday Training,Priya Hall,Member
05/11/2025,Wednesday Training,Sam Hughes,Member
05/11/2025,Wednesday Training,Omar Ahmed,Member
05/11/2025,Wednesday Training,Finn Evans,Member
05/11/2025,Wednesday Training,Finn Patel,Member
05/11/2025,Wednesday Training,Kai Walker,Member
05/11/2025,Wednesday Training,Grace Taylor,Guest
05/11/2025,Wednesday Training,Rosa Walker,Member
05/11/2025,Wednesday Training,Lily Ahmed,Member
05/11/2025,Wednesday Training,Mia Hall,Member
05/11/2025,Wednesday Training,Grace Chen,Member
12/11/2025,Wednesday Training,Kai Jones,Member
12/11/2025,Wednesday Training,Nina Jones,Member
12/11/2025,Wednesday Training,Hari Hughes,Guest
12/11/2025,Wednesday Training,Rosa Green,Member
12/11/2025,Wednesday Training,Uma Khan,Member
12/11/2025,Wednesday Training,Dev Wright,Member
12/11/2025,Wednesday Training,Jack Taylor,Member
12/11/2025,Wednesday Training,Noah Jones,Member
12/11/2025,Wednesday Training,Tom Walker,Member
12/11/2025,Wednesday Training,Mia Smith,Member
12/11/2025,Wednesday Training,Ava Jones,Member
12/11/2025,Wednesday Training,Quinn Khan,Member
12/11/2025,Wednesday Training,Hari Evans,Member
12/11/2025,Wednesday Training,Uma Chen,Member
12/11/2025,Wednesday Training,Ben Chen,Member
12/11/2025,Wednesday Training,Quinn Smith,Member
12/11/2025,Wednesday Training,Rosa Taylor,Member
12/11/2025,Wednesday Training,Isla Ahmed,Member
12/11/2025,Wednesday Training,Wren Khan,Member
12/11/2025,Wednesday Training,Sam Evans,Member
12/11/2025,Wednesday Training,Ivy Ahmed,Member
19/11/2025,Wednesday Training,Noah Chen,Member
19/11/2025,Wednesday Training,Vik Walker,Member
19/11/2025,Wednesday Training,Noah Taylor,Member
19/11/2025,Wednesday Training,Dev Hughes,Member
19/11/2025,Wednesday Training,Nina Patel,Member
19/11/2025,Wednesday Training,Noah Ahmed,Member
19/11/2025,Wednesday Training,Quinn Hall,Guest
19/11/2025,Wednesday Training,Ivy Taylor,Member
19/11/2025,Wednesday Training,Jack Brown,Guest
19/11/2025,Wednesday Training,Wren Chen,Member
19/11/2025,Wednesday Training,Isla Evans,Member
19/11/2025,Wednesday Training,Sam Jones,Member
19/11/2025,Wednesday Training,Ben Ahmed,Member
19/11/2025,Wednesday Training,Hari Wright,Member
19/11/2025,Wednesday Training,Zara Hall,Guest
19/11/2025,Wednesday Training,Vik Ahmed,Member
19/11/2025,Wednesday Training,Leo Patel,Member
19/11/2025,Wednesday Training,Zara Hall,Member
19/11/2025,Wednesday Training,Mia Green,Member
19/11/2025,Wednesday Training,Grace Smith,Member
19/11/2025,Wednesday Training,Theo Evans,Member
19/11/2025,Wednesday Training,Wren Ahmed,Guest
19/11/2025,Wednesday Training,Kai Walker,Member
19/11/2025,Wednesday Training,Jack Chen,Member
26/11/2025,Wednesday Training,Zara Ahmed,Member
26/11/2025,Wednesday Training,Omar Evans,Member
26/11/2025,Wednesday Training,Max Chen,Member
26/11/2025,Wednesday Training,Ivy Smith,Member
26/11/2025,Wednesday Training,Rosa Khan,Member
26/11/2025,Wednesday Training,Lily Brown,Member
26/11/2025,Wednesday Training,Quinn Jones,Member
26/11/2025,Wednesday Training,Max Chen,Member
26/11/2025,Wednesday Training,Uma Khan,Member
26/11/2025,Wednesday Training,Priya Ahmed,Member
26/11/2025,Wednesday Training,Kai Smith,Member
26/11/2025,Wednesday Training,Ava Evans,Member
26/11/2025,Wednesday Training,Wren Walker,Member
26/11/2025,Wednesday Training,Mia Patel,Guest
26/11/2025,Wednesday Training,Vik Wilson,Member
26/11/2025,Wednesday Training,Kai Jones,Guest
26/11/2025,Wednesday Training,Ella Hall,Member
26/11/2025,Wednesday Training,Zara Smith,Member
26/11/2025,Wednesday Training,Isla Wright,Member
26/11/2025,Wednesday Training,Mia Taylor,Member
26/11/2025,Wednesday Training,Noah Jones,Member
26/11/2025,Wednesday Training,Jack Khan,Member
26/11/2025,Wednesday Training,Uma Khan,Member
26/11/2025,Wednesday Training,Hari Ahmed,Member
26/11/2025,Wednesday Training,Uma Patel,Member
03/12/2025,Wednesday Training,Rosa Patel,Member
03/12/2025,Wednesday Training,Ava Hall,Member
03/12/2025,Wednesday Training,Rosa Ahmed,Member
03/12/2025,Wednesday Training,Finn Chen,Member
03/12/2025,Wednesday Training,Priya Jones,Member
03/12/2025,Wednesday Training,Uma Patel,Member
03/12/2025,Wednesday Training,Tom Chen,Member
03/12/2025,Wednesday Training,Lily Brown,Member
03/12/2025,Wednesday Training,Vik Taylor,Member
03/12/2025,Wednesday Training,Omar Khan,Member
03/12/2025,Wednesday Training,Max Green,Member
03/12/2025,Wednesday Training,Yusuf Hall,Member
03/12/2025,Wednesday Training,Isla Wilson,Member
14/01/2026,Wednesday Training,Ella Evans,Member
14/01/2026,Wednesday Training,Kai Smith,Member
14/01/2026,Wednesday Training,Isla Green,Member
14/01/2026,Wednesday Training,Dev Wright,Member
14/01/2026,Wednesday Training,Wren Hall,Member
14/01/2026,Wednesday Training,Wren Smith,Member
14/01/2026,Wednesday Training,Ava Khan,Member
14/01/2026,Wednesday Training,Yusuf Hall,Member
14/01/2026,Wednesday Training,Hari Smith,Member
14/01/2026,Wednesday Training,Yusuf Hall,Member
14/01/2026,Wednesday Training,Rosa Ahmed,Member
14/01/2026,Wednesday Training,Jack Patel,Member
14/01/2026,Wednesday Training,Max Walker,Member
14/01/2026,Wednesday Training,Wren Hall,Member
14/01/2026,Wednesday Training,Tom Chen,Member
14/01/2026,Wednesday Training,Tom Chen,Member
14/01/2026,Wednesday Training,Isla Patel,Member
14/01/2026,Wednesday Training,Omar Ahmed,Guest
14/01/2026,Wednesday Training,Isla Hughes,Member
14/01/2026,Wednesday Training,Wren Hall,Member
14/01/2026,Wednesday Training,Mia Brown,Member
21/01/2026,Wednesday Training,Nina Wright,Member
21/01/2026,Wednesday Training,Zara Wilson,Guest
21/01/2026,Wednesday Training,Theo Green,Guest
21/01/2026,Wednesday Training,Quinn Walker,Member
21/01/2026,Wednesday Training,Zara Hughes,Member
21/01/2026,Wednesday Training,Zara Hall,Guest
21/01/2026,Wednesday Training,Yusuf Smith,Member
21/01/2026,Wednesday Training,Isla Green,Member
21/01/2026,Wednesday Training,Priya Chen,Member
21/01/2026,Wednesday Training,Rosa Wright,Member
21/01/2026,Wednesday Training,Max Brown,Member
21/01/2026,Wednesday Training,Theo Brown,Member
21/01/2026,Wednesday Training,Sam Evans,Member
21/01/2026,Wednesday Training,Uma Hughes,Member
21/01/2026,Wednesday Training,Zara Wilson,Member
21/01/2026,Wednesday Training,Ivy Walker,Member
21/01/2026,Wednesday Training,Nina Hughes,Member
21/01/2026,Wednesday Training,Ivy Brown,Member
21/01/2026,Wednesday Training,Leo Wright,Guest
21/01/2026,Wednesday Training,Wren Ahmed,Member
21/01/2026,Wednesday Training,Chloe Chen,Member
28/01/2026,Wednesday Training,Noah Walker,Member
28/01/2026,Wednesday Training,Finn Green,Member
28/01/2026,Wednesday Training,Theo Green,Member
28/01/2026,Wednesday Training,Lily Brown,Member
28/01/2026,Wednesday Training,Hari Walker,Member
28/01/2026,Wednesday Training,Vik Evans,Member
28/01/2026,Wednesday Training,Noah Khan,Member
28/01/2026,Wednesday Training,Dev Hughes,Member
28/01/2026,Wednesday Training,Ben Smith,Member
28/01/2026,Wednesday Training,Lily Evans,Member
28/01/2026,Wednesday Training,Ivy Hughes,Member
28/01/2026,Wednesday Training,Ella Wilson,Member
28/01/2026,Wednesday Training,Ella Walker,Member
28/01/2026,Wednesday Training,Omar Hall,Member
28/01/2026,Wednesday Training,Leo Green,Member
28/01/2026,Wednesday Training,Isla Hall,Member
28/01/2026,Wednesday Training,Kai Patel,Member
28/01/2026,Wednesday Training,Ava Green,Member
28/01/2026,Wednesday Training,Lily Ahmed,Member
28/01/2026,Wednesday Training,Finn Hughes,Member
28/01/2026,Wednesday Training,Max Green,Member
28/01/2026,Wednesday Training,Ella Wilson,Guest
04/02/2026,Wednesday Training,Finn Smith,Member
04/02/2026,Wednesday Training,Ella Evans,Member
04/02/2026,Wednesday Training,Dev Chen,Member
04/02/2026,Wednesday Training,Noah Hughes,Member
04/02/2026,Wednesday Training,Tom Green,Member
04/02/2026,Wednesday Training,Wren Hall,Member
04/02/2026,Wednesday Training,Wren Khan,Member
04/02/2026,Wednesday Training,Grace Jones,Guest
04/02/2026,Wednesday Training,Zara Hall,Member
04/02/2026,Wednesday Training,Priya Green,Member
04/02/2026,Wednesday Training,Kai Jones,Member
04/02/2026,Wednesday Training,Kai Evans,Member
04/02/2026,Wednesday Training,Theo Taylor,Member
04/02/2026,Wednesday Training,Zara Taylor,Member
04/02/2026,Wednesday Training,Ava Smith,Member
04/02/2026,Wednesday Training,Leo Walker,Member
04/02/2026,Wednesday Training,Quinn Green,Member
04/02/2026,Wednesday Training,Noah Green,Member
04/02/2026,Wednesday Training,Ella Patel,Member
04/02/2026,Wednesday Training,Ava Ahmed,Member
04/02/2026,Wednesday Training,Jack Jones,Member
04/02/2026,Wednesday Training,Chloe Jones,Member
04/02/2026,Wednesday Training,Rosa Brown,Member
11/02/2026,Wednesday Training,Ben Smith,Guest
11/02/2026,Wednesday Training,Priya Patel,Member
11/02/2026,Wednesday Training,Dev Smith,Member
11/02/2026,Wednesday Training,Mia Khan,Member
11/02/2026,Wednesday Training,Grace Walker,Member
11/02/2026,Wednesday Training,Dev Smith,Member
11/02/2026,Wednesday Training,Vik Jones,Member
11/02/2026,Wednesday Training,Max Walker,Guest
11/02/2026,Wednesday Training,Mia Wright,Member
11/02/2026,Wednesday Training,Noah Chen,Member
11/02/2026,Wednesday Training,Nina Smith,Member
11/02/2026,Wednesday Training,Ivy Taylor,Member
11/02/2026,Wednesday Training,Sam Wilson,Member
11/02/2026,Wednesday Training,Wren Hughes,Member
11/02/2026,Wednesday Training,Max Walker,Member
11/02/2026,Wednesday Training,Theo Green,Guest
11/02/2026,Wednesday Training,Max Walker,Member
11/02/2026,Wednesday Training,Grace Hughes,Member
11/02/2026,Wednesday Training,Yusuf Brown,Member
11/02/2026,Wednesday Training,Priya Wilson,Member
11/02/2026,Wednesday Training,Dev Wilson,Member
11/02/2026,Wednesday Training,Finn Taylor,Member
11/02/2026,Wednesday Training,Ivy Brown,Member
11/02/2026,Wednesday Training,Isla Wilson,Member
18/02/2026,Wednesday Training,Dev Chen,Member
18/02/2026,Wednesday Training,Lily Walker,Member
18/02/2026,Wednesday Training,Lily Patel,Member
18/02/2026,Wednesday Training,Wren Patel,Member
18/02/2026,Wednesday Training,Dev Wright,Member
18/02/2026,Wednesday Training,Chloe Green,Member
18/02/2026,Wednesday Training,Mia Wilson,Member
18/02/2026,Wednesday Training,Lily Brown,Member
18/02/2026,Wednesday Training,Dev Patel,Member
18/02/2026,Wednesday Training,Isla Walker,Member
18/02/2026,Wednesday Training,Ella Chen,Member
18/02/2026,Wednesday Training,Chloe Taylor,Member
18/02/2026,Wednesday Training,Chloe Chen,Member
18/02/2026,Wednesday Training,Isla Brown,Member
18/02/2026,Wednesday Training,Rosa Walker,Member
18/02/2026,Wednesday Training,Isla Hall,Member
18/02/2026,Wednesday Training,Vik Hall,Member
18/02/2026,Wednesday Training,Sam Green,Member
18/02/2026,Wednesday Training,Finn Taylor,Member
18/02/2026,Wednesday Training,Omar Wright,Member
18/02/2026,Wednesday Training,Nina Chen,Member
18/02/2026,Wednesday Training,Nina Wright,Member
18/02/2026,Wednesday Training,Ava Hall,Member
18/02/2026,Wednesday Training,Uma Patel,Member
25/02/2026,Wednesday Training,Uma Smith,Member
25/02/2026,Wednesday Training,Mia Smith,Member
25/02/2026,Wednesday Training,Sam Wright,Member
25/02/2026,Wednesday Training,Tom Green,Member
25/02/2026,Wednesday Training,Jack Walker,Member
25/02/2026,Wednesday Training,Leo Wright,Member
25/02/2026,Wednesday Training,Rosa Khan,Member
25/02/2026,Wednesday Training,Grace Ahmed,Member
25/02/2026,Wednesday Training,Lily Wilson,Guest
25/02/2026,Wednesday Training,Ella Ahmed,Member
25/02/2026,Wednesday Training,Tom Khan,Member
25/02/2026,Wednesday Training,Ivy Wilson,Member
25/02/2026,Wednesday Training,Noah Hall,Member
25/02/2026,Wednesday Training,Omar Hall,Member
25/02/2026,Wednesday Training,Grace Wright,Member
25/02/2026,Wednesday Training,Ben Green,Member
25/02/2026,Wednesday Training,Kai Jones,Member
25/02/2026,Wednesday Training,Sam Khan,Member
25/02/2026,Wednesday Training,Hari Ahmed,Guest
25/02/2026,Wednesday Training,Tom Wright,Member
04/03/2026,Wednesday Training,Uma Chen,Member
04/03/2026,Wednesday Training,Ella Smith,Member
04/03/2026,Wednesday Training,Ava Walker,Member
04/03/2026,Wednesday Training,Ivy Smith,Member
04/03/2026,Wednesday Training,Leo Patel,Member
04/03/2026,Wednesday Training,Dev Chen,Member
04/03/2026,Wednesday Training,Dev Jones,Member
04/03/2026,Wednesday Training,Dev Chen,Member
04/03/2026,Wednesday Training,Jack Smith,Member
04/03/2026,Wednesday Training,Dev Ahmed,Member
04/03/2026,Wednesday Training,Chloe Ahmed,Member
04/03/2026,Wednesday Training,Grace Smith,Member
04/03/2026,Wednesday Training,Nina Patel,Member
04/03/2026,Wednesday Training,Rosa Hughes,Member
04/03/2026,Wednesday Training,Zara Khan,Member
04/03/2026,Wednesday Training,Tom Wright,Member
04/03/2026,Wednesday Training,Isla Walker,Member
04/03/2026,Wednesday Training,Ava Walker,Member
04/03/2026,Wednesday Training,Zara Taylor,Member
11/03/2026,Wednesday Training,Sam Hughes,Member
11/03/2026,Wednesday Training,Zara Walker,Member
11/03/2026,Wednesday Training,Tom Hughes,Member
11/03/2026,Wednesday Training,Uma Ahmed,Member
11/03/2026,Wednesday Training,Zara Wright,Member
11/03/2026,Wednesday Training,Sam Chen,Member
11/03/2026,Wednesday Training,Priya Smith,Guest
11/03/2026,Wednesday Training,Jack Jones,Member
11/03/2026,Wednesday Training,Ivy Taylor,Member
11/03/2026,Wednesday Training,Vik Hughes,Member
11/03/2026,Wednesday Training,Wren Wilson,Member
11/03/2026,Wednesday Training,Sam Taylor,Guest
11/03/2026,Wednesday Training,Lily Wright,Member
11/03/2026,Wednesday Training,Vik Khan,Member
11/03/2026,Wednesday Training,Uma Hall,Member
11/03/2026,Wednesday Training,Zara Wright,Member
11/03/2026,Wednesday Training,Uma Hall,Member
11/03/2026,Wednesday Training,Isla Jones,Member
11/03/2026,Wednesday Training,Sam Wright,Member
11/03/2026,Wednesday Training,Ava Patel,Member
11/03/2026,Wednesday Training,Zara Hughes,Member
11/03/2026,Wednesday Training,Ivy Wilson,Member
18/03/2026,Wednesday Training,Ivy Evans,Guest
18/03/2026,Wednesday Training,Quinn Chen,Member
18/03/2026,Wednesday Training,Isla Taylor,Member
18/03/2026,Wednesday Training,Nina Smith,Member
18/03/2026,Wednesday Training,Vik Smith,Member
18/03/2026,Wednesday Training,Tom Green,Member
18/03/2026,Wednesday Training,Mia Taylor,Member
18/03/2026,Wednesday Training,Sam Chen,Member
18/03/2026,Wednesday Training,Noah Hughes,Member
18/03/2026,Wednesday Training,Ivy Khan,Member
18/03/2026,Wednesday Training,Nina Ahmed,Member
18/03/2026,Wednesday Training,Grace Smith,Member
